,ID,Name,Latitude,Longitude,BikesAvailable,EmptySlots,Installed,Locked,Temporary,UpdateTime
0,1,"River Street , Clerkenwell",51.52916347,-0.109970527,3.0,16,True,False,False,10:30
1,2,"Phillimore Gardens, Kensington",51.49960695,-0.197574246,31.0,6,True,False,False,10:30
2,3,"Christopher Street, Liverpool Street",51.52128377,-0.084605692,,0,True,False,False,10:30
3,4,"St. Chad's Street, King's Cross",51.53005939,-0.120973687,,16,True,False,False,10:30
4,5,"Sedding Street, Sloane Square",51.49313,-0.156876,25.0,0,True,False,False,10:30
5,6,"Broadcasting House, Marylebone",51.51811784,-0.144228881,15.0,1,True,False,False,10:30
6,7,"Charlbert Street, St. John's Wood",51.53430039,-0.16807429999999998,0.0,14,True,False,False,10:30
7,8,"Lodge Road, St. John's Wood",51.52834133,-0.17013448399999997,7.0,9,True,False,False,10:30
8,9,"New Globe Walk, Bankside",51.507385299999996,-0.09644075099999999,19.0,0,True,False,False,10:30
9,10,"Park Street, Bankside",51.50597426,-0.09275415699999999,,0,True,False,False,10:30
10,11,"Brunswick Square, Bloomsbury",51.52395143,-0.122502346,0.0,22,True,False,False,10:30
11,12,"Malet Street, Bloomsbury",51.52168078,-0.130431727,,27,True,False,False,10:30
12,13,"Scala Street, Fitzrovia",51.51991453,-0.136039674,21.0,0,True,False,False,10:30
13,14,"Belgrove Street , King's Cross",51.52994371,-0.123616824,7.0,10,True,False,False,10:30
14,15,"Great Russell Street, Bloomsbury",51.51772703,-0.127854211,22.0,4,True,False,False,10:30
15,17,"Hatton Wall, Holborn",51.521661200000004,-0.109006325,18.0,7,True,False,False,10:30
16,16,"Cartwright Gardens , Bloomsbury",51.52635795,-0.125979294,1.0,20,True,False,False,10:30
17,19,"Taviton Street, Bloomsbury",51.52505093,-0.13116108699999998,6.0,22,True,False,False,10:30
18,18,"Drury Lane, Covent Garden",51.51477076,-0.12221963,23.0,3,True,False,False,10:30
19,21,"Hampstead Road (Cartmel), Euston",51.53007835,-0.13884627,0.0,16,True,False,False,10:30
20,20,"Drummond Street , Euston",51.52773634,-0.135273468,,24,True,False,False,10:30
21,23,"Red Lion Square, Holborn",51.51943538,-0.119123345,6.0,9,True,False,False,10:30
22,22,"Northington Street , Holborn",51.5222641,-0.114079481,18.0,1,True,False,False,10:30
23,25,"Doric Way , Somers Town",51.5288338,-0.132250369,10.0,21,True,False,False,10:30
24,24,"British Museum, Bloomsbury",51.51908011,-0.124678402,23.0,11,True,False,False,10:30
25,27,"Bouverie Street, Temple",51.51382102,-0.107927706,24.0,9,True,False,False,10:30
26,26,"Ampton Street , Clerkenwell",51.52728093,-0.11829517,0.0,21,True,False,False,10:30
27,29,"Hereford Road, Bayswater",51.513735,-0.193487,1.0,21,True,False,False,10:30
28,28,"Bolsover Street, Fitzrovia",51.52351808,-0.143613641,12.0,7,True,False,False,10:30
29,31,"Fanshaw Street, Hoxton",51.52953709,-0.08335332299999999,0.0,31,True,False,False,10:30
30,30,"Windsor Terrace, Hoxton",51.52915444,-0.093421615,4.0,19,True,False,False,10:30
31,34,"Pancras Road, King's Cross",51.5341235,-0.129386874,0.0,15,True,False,False,10:30
32,32,"Leonard Circus , Shoreditch",51.52469624,-0.084439283,41.0,0,True,False,False,10:30
33,33,"Altab Ali Park, Whitechapel",51.51681603,-0.067827542,2.0,13,True,False,False,10:30
34,38,"Abingdon Villas, Kensington",51.4973875,-0.19724558600000003,9.0,8,True,False,False,10:30
35,39,"Shoreditch High Street, Shoreditch",51.5263778,-0.07813092099999999,0.0,38,True,False,False,10:30
36,36,"De Vere Gardens, Kensington",51.50173726,-0.184980612,13.0,15,True,False,False,10:30
37,37,"Penywern Road, Earl's Court",51.49159394,-0.19236925600000002,6.0,10,True,False,False,10:30
38,42,"Wenlock Road , Hoxton",51.53099181,-0.093903825,1.0,27,True,False,False,10:30
39,43,"Crawford Street, Marylebone",51.52026,-0.157183945,5.0,12,True,False,False,10:30
40,40,"Commercial Street, Shoreditch",51.52127071,-0.0755789,2.0,13,True,False,False,10:30
41,41,"Sun Street, Liverpool Street",51.52001715,-0.08391116800000001,24.0,1,True,False,False,10:30
42,46,"Nesham Street, Wapping",51.507131,-0.06691,11.0,5,True,False,False,10:30
43,47,"Warwick Avenue Station, Maida Vale",51.52334476,-0.18384640800000002,0.0,18,True,False,False,10:30
44,44,"Bruton Street, Mayfair",51.51073687,-0.144165239,5.0,6,True,False,False,10:30
45,45,"Harewood Avenue, Marylebone",51.52231968,-0.16384911800000002,18.0,0,True,False,False,10:30
46,51,"Finsbury Library , Finsbury",51.52671796,-0.104298194,24.0,2,True,False,False,10:30
47,50,"East Road, Hoxton",51.52867339,-0.08745937599999999,3.0,23,True,False,False,10:30
48,49,"Curzon Street, Mayfair",51.50706909,-0.145904427,16.0,0,True,False,False,10:30
49,48,"Godliman Street, St. Paul's",51.51248445,-0.09914140800000001,16.0,9,True,False,False,10:30
50,55,"Finsbury Circus, Liverpool Street",51.51707521,-0.08668554199999999,23.0,9,True,False,False,10:30
51,54,"Golden Lane, Barbican",51.52174785,-0.094475072,26.0,0,True,False,False,10:30
52,53,"Grafton Street, Mayfair",51.50999229999999,-0.14349526599999998,17.0,1,True,False,False,10:30
53,52,"Roscoe Street, St. Luke's",51.52295439,-0.09493485900000001,16.0,0,True,False,False,10:30
54,59,"Rodney Street, Angel",51.53176825,-0.114329032,0.0,28,True,False,False,10:30
55,58,"New Inn Yard, Shoreditch",51.52452699,-0.079248081,15.0,2,True,False,False,10:30
56,57,"Guilford Street , Bloomsbury",51.52334672,-0.120202614,16.0,21,True,False,False,10:30
57,56,"Paddington Street, Marylebone",51.52058381,-0.15470141099999998,3.0,13,True,False,False,10:30
58,63,"Murray Grove , Hoxton",51.53089041,-0.089782579,0.0,27,True,False,False,10:30
59,62,"Cotton Garden Estate, Kennington",51.4907579,-0.106323685,0.0,23,True,False,False,10:30
60,61,"Great Dover Street, Borough",51.49738251,-0.089446947,12.0,21,True,False,False,10:30
61,60,"Lisson Grove, St. John's Wood",51.52644828,-0.172190727,1.0,17,True,False,False,10:30
62,68,"Theobalds Road , Holborn",51.52059681,-0.116688468,23.0,3,True,False,False,10:30
63,69,"Euston Road, Euston",51.526236299999994,-0.134407652,16.0,7,True,False,False,10:30
64,70,"Calshot Street , King's Cross",51.53136059,-0.117069978,2.0,22,True,False,False,10:30
65,71,"Newgate Street , St. Paul's",51.5154186,-0.098850915,32.0,0,True,False,False,10:30
66,64,"William IV Street, Strand",51.50946212,-0.12474927400000001,13.0,12,True,False,False,10:30
67,65,"Gower Place , Euston",51.52522753,-0.13518856,7.0,10,True,False,False,10:30
68,66,"Holborn Circus, Holborn",51.51795029,-0.108657431,38.0,1,True,False,False,10:30
69,67,"Hatton Garden, Holborn",51.51882555,-0.10802847199999999,18.0,8,True,False,False,10:30
70,76,"Longford Street, Regent's Park",51.52559505,-0.14408389300000002,,11,True,False,False,10:30
71,77,"Russell Square Station, Bloomsbury",51.52341837,-0.124121774,0.0,25,True,False,False,10:30
72,72,"Farringdon Lane, Clerkenwell",51.52352001,-0.108340165,9.0,7,True,False,False,10:30
73,73,"Old Street Station, St. Luke's",51.52572618,-0.08848618800000001,10.0,27,True,False,False,10:30
74,74,"Vauxhall Cross, Vauxhall",51.48591714,-0.12446994800000001,12.0,5,True,False,False,10:30
75,75,"Torrens Street, Angel",51.53219984,-0.10548069800000001,1.0,18,True,False,False,10:30
76,85,"Tanner Street, Bermondsey",51.50064702,-0.078600401,1.0,18,True,False,False,10:30
77,84,"Breams Buildings, Holborn",51.51593725,-0.11177834800000001,24.0,0,True,False,False,10:30
78,87,"Devonshire Square, Liverpool Street",51.51646835,-0.079684557,14.0,0,True,False,False,10:30
79,86,"Sancroft Street, Vauxhall",51.48947903,-0.11515656199999999,1.0,23,True,False,False,10:30
80,81,"Great Titchfield Street, Fitzrovia",51.52025302,-0.141327271,18.0,1,True,False,False,10:30
81,80,"Webber Street , Southwark",51.50069361,-0.102091246,10.0,14,True,False,False,10:30
82,83,"Panton Street, West End",51.50963938,-0.13151094900000002,15.0,6,True,False,False,10:30
83,82,"Chancery Lane, Holborn",51.514274,-0.111257,13.0,0,True,False,False,10:30
84,93,"Cloudesley Road, Angel",51.53440868,-0.109025404,1.0,36,True,False,False,10:30
85,92,"Borough Road, Elephant & Castle",51.49889832,-0.10044052099999999,30.0,10,True,False,False,10:30
86,95,"Aldersgate Street, Barbican",51.5208417,-0.097340162,14.0,0,True,False,False,10:30
87,94,"Bricklayers Arms, Borough",51.49506109,-0.08581448900000001,0.0,28,True,False,False,10:30
88,89,"Tavistock Place, Bloomsbury",51.526250299999994,-0.12350961099999999,1.0,18,True,False,False,10:30
89,88,"Bayley Street , Bloomsbury",51.51858757,-0.132053392,25.0,0,True,False,False,10:30
90,91,"Walnut Tree Walk, Vauxhall",51.49368637,-0.111014912,0.0,20,True,False,False,10:30
91,90,"Harrington Square, Camden Town",51.53301907,-0.139174593,3.0,24,True,False,False,10:30
92,102,"Jewry Street, Aldgate",51.51340693,-0.076793375,17.0,0,True,False,False,10:30
93,103,"Vicarage Gate, Kensington",51.50472376,-0.192538767,0.0,18,True,False,False,10:30
94,100,"Albert Embankment, Vauxhall",51.49043573,-0.12280686099999999,16.0,8,True,False,False,10:30
95,101,"Queen Street, Bank",51.51155322,-0.09294010000000001,19.0,3,True,False,False,10:30
96,98,"Hampstead Road, Euston",51.52554222,-0.138231303,10.0,44,True,False,False,10:30
97,99,"Old Quebec Street, Marylebone",51.51457763,-0.158264483,15.0,1,True,False,False,10:30
98,96,"Falkirk Street, Hoxton",51.53095071,-0.078505384,10.0,16,True,False,False,10:30
99,97,"Gloucester Road (North), Kensington",51.49792478,-0.18383470600000001,15.0,1,True,False,False,10:30
100,110,"Wellington Road, St. John's Wood",51.53304322,-0.17252867800000002,6.0,10,True,False,False,10:30
101,111,"Park Lane , Hyde Park",51.5100172,-0.157275636,12.0,16,True,False,False,10:30
102,108,"Abbey Orchard Street, Westminster",51.49812559,-0.132102166,23.0,6,True,False,False,10:30
103,109,"Soho Square , Soho",51.51563144,-0.132328837,29.0,2,True,False,False,10:30
104,106,"Woodstock Street, Mayfair",51.51410514,-0.147301667,13.0,7,True,False,False,10:30
105,107,"Finsbury Leisure Centre, St. Luke's",51.52600832,-0.09631762699999999,13.0,6,True,False,False,10:30
106,104,"Crosswall, Tower",51.51159481,-0.077121322,24.0,10,True,False,False,10:30
107,105,"Westbourne Grove, Bayswater",51.51552971,-0.190240716,12.0,14,True,False,False,10:30
108,119,"Bath Street, St. Luke's",51.52589324,-0.090847761,5.0,11,True,False,False,10:30
109,118,"Rochester Row, Westminster",51.49582705,-0.13547809,6.0,7,True,False,False,10:30
110,117,"Lollard Street, Vauxhall",51.49288067,-0.114934001,3.0,21,True,False,False,10:30
111,116,"Little Argyll Street, West End",51.51449962,-0.141423695,20.0,0,True,False,False,10:30
112,115,"Braham Street, Aldgate",51.51423368,-0.07353765400000001,32.0,0,True,False,False,10:30
113,114,"Park Road (Baker Street), Regent's Park",51.52451738,-0.15896364699999999,16.0,6,True,False,False,10:30
114,113,"Gloucester Road (Central), South Kensington",51.49646288,-0.183289032,12.0,6,True,False,False,10:30
115,112,"Stonecutter Street, Holborn",51.51580998,-0.105270275,35.0,9,True,False,False,10:30
116,127,"Wood Street, Guildhall",51.51700801,-0.09388536,15.0,0,True,False,False,10:30
117,126,"Museum of London, Barbican",51.51782144,-0.096496865,48.0,0,True,False,False,10:30
118,125,"Borough High Street, The Borough",51.50069491,-0.09452431900000001,13.0,8,True,False,False,10:30
119,124,"Eaton Square, Belgravia",51.49654462,-0.150905245,11.0,7,True,False,False,10:30
120,123,"St. John Street, Finsbury",51.52836014,-0.104724625,3.0,15,True,False,False,10:30
121,122,"Norton Folgate, Liverpool Street",51.52111369,-0.078869751,18.0,4,True,False,False,10:30
122,121,"Baker Street, Marylebone",51.51891348,-0.156166631,19.0,3,True,False,False,10:30
123,120,"The Guildhall, Guildhall",51.51573534,-0.093080779,14.0,2,True,False,False,10:30
124,137,"Bourne Street, Belgravia",51.49087475,-0.153319609,7.0,9,True,False,False,10:30
125,136,"Queen Victoria Street, St. Paul's",51.51196176,-0.097441687,29.0,1,True,False,False,10:30
126,139,"Lambeth Road, Vauxhall",51.49488108,-0.117974901,17.0,1,True,False,False,10:30
127,138,"Green Street, Mayfair",51.51227622,-0.15743697199999998,4.0,14,True,False,False,10:30
128,141,"Chapel Place, Marylebone",51.51530805,-0.147203711,21.0,8,True,False,False,10:30
129,140,"Finsbury Square , Moorgate",51.52096262,-0.085634242,25.0,8,True,False,False,10:30
130,143,"Pont Street, Knightsbridge",51.4968865,-0.16120382800000002,22.0,2,True,False,False,10:30
131,142,"West Cromwell Road, Earl's Court",51.49372451,-0.198286569,0.0,23,True,False,False,10:30
132,129,"Golden Square, Soho",51.5118973,-0.137043852,15.0,3,True,False,False,10:30
133,128,"Emperor's Gate, South Kensington",51.49536226,-0.18529651600000002,1.0,21,True,False,False,10:30
134,131,"Eversholt Street , Camden Town",51.53300545,-0.136792671,6.0,10,True,False,False,10:30
135,130,"Tower Gardens , Tower",51.50950627,-0.07545948200000001,23.0,0,True,False,False,10:30
136,133,"Derry Street, Kensington",51.50136494,-0.19146238100000001,15.0,2,True,False,False,10:30
137,132,"Bethnal Green Road, Shoreditch",51.52364804,-0.074754872,0.0,33,True,False,False,10:30
138,135,"Clerkenwell Green, Clerkenwell",51.52326004,-0.104708922,17.0,3,True,False,False,10:30
139,134,"Wapping High Street, Wapping",51.504903999999996,-0.06797,12.0,8,True,False,False,10:30
140,152,"Hampton Street, Walworth",51.49217002,-0.101536865,0.0,19,True,False,False,10:30
141,153,"Bayswater Road, Hyde Park",51.51183419,-0.174292825,11.0,15,True,False,False,10:30
142,154,"Waterloo Station 3, Waterloo",51.50379168,-0.11282408,0.0,33,True,False,False,10:30
143,155,"Lexham Gardens, Kensington",51.49586666,-0.191933711,1.0,17,True,False,False,10:30
144,156,"New Kent Road, Borough",51.49443626,-0.092921165,13.0,20,True,False,False,10:30
145,157,"Wright's Lane, Kensington",51.50039792,-0.193068385,10.0,26,True,False,False,10:30
146,158,"Trebovir Road, Earl's Court",51.49085368,-0.196170309,14.0,3,True,False,False,10:30
147,159,"Great Marlborough Street, Soho",51.51461995,-0.137841333,39.0,0,True,False,False,10:30
148,144,"Kennington Cross, Kennington",51.48894022,-0.11143579599999999,1.0,46,True,False,False,10:30
149,145,"Ilchester Place, Kensington",51.50074359,-0.202759212,10.0,14,True,False,False,10:30
150,146,"Vauxhall Bridge , Pimlico",51.48836528,-0.129361842,,13,True,False,False,10:30
151,147,"Portugal Street, Holborn",51.51494305,-0.11614642,10.0,5,True,False,False,10:30
152,148,"Tachbrook Street, Victoria",51.49211134,-0.13836484699999999,0.0,16,True,False,False,10:30
153,149,"Kennington Road Post Office, Oval",51.48478899,-0.110683213,4.0,13,True,False,False,10:30
154,150,"Holy Trinity Brompton, Knightsbridge",51.49705603,-0.168917077,10.0,18,True,False,False,10:30
155,151,"Chepstow Villas, Notting Hill",51.51213691,-0.201554966,0.0,26,True,False,False,10:30
156,171,"Collingham Gardens, Earl's Court",51.4916156,-0.186753859,3.0,10,True,False,False,10:30
157,170,"Hardwick Street, Clerkenwell",51.52784273,-0.108068155,22.0,8,True,False,False,10:30
158,169,"Porchester Place, Paddington",51.51474612,-0.16516428800000002,1.0,16,True,False,False,10:30
159,168,"Argyll Road, Kensington",51.50040123,-0.195455928,14.0,5,True,False,False,10:30
160,175,"Appold Street, Liverpool Street",51.52174384,-0.0811189,19.0,5,True,False,False,10:30
161,174,"Strand, Strand",51.512529,-0.11516300000000002,19.0,17,True,False,False,10:30
162,173,"Waterloo Roundabout, Waterloo",51.50486,-0.113001,3.0,11,True,False,False,10:30
163,172,"Sumner Place, South Kensington",51.49121192,-0.17371591100000003,18.0,0,True,False,False,10:30
164,163,"Sloane Avenue, Knightsbridge",51.4931848,-0.167894973,29.0,0,True,False,False,10:30
165,162,"Southampton Place, Holborn",51.51760685,-0.12132840800000001,7.0,12,True,False,False,10:30
166,161,"Guildhouse Street, Victoria",51.49234577,-0.14133448699999998,2.0,14,True,False,False,10:30
167,160,"Waterloo Place, St. James's",51.50663341,-0.131773845,19.0,0,True,False,False,10:30
168,166,"Seville Street, Knightsbridge",51.50185512,-0.159237081,10.0,17,True,False,False,10:30
169,165,"Orsett Terrace, Bayswater",51.517932,-0.18371695899999999,1.0,14,True,False,False,10:30
170,164,"Cleveland Gardens, Bayswater",51.515607,-0.183118788,11.0,5,True,False,False,10:30
171,186,"South Wharf Road, Paddington",51.51733558,-0.175810943,2.0,13,True,False,False,10:30
172,187,"Queen's Gate (South), South Kensington",51.49247977,-0.17843300399999998,18.0,7,True,False,False,10:30
173,184,"Portland Place, Marylebone",51.52071513,-0.14521173,16.0,18,True,False,False,10:30
174,185,"Alderney Street, Pimlico",51.48805753,-0.140741432,2.0,12,True,False,False,10:30
175,190,"Rampayne Street, Pimlico",51.48997562,-0.132845681,2.0,19,True,False,False,10:30
176,191,"Hyde Park Corner, Hyde Park",51.50311799,-0.153520935,8.0,15,True,False,False,10:30
177,188,"Nutford Place, Marylebone",51.516517900000004,-0.164393768,0.0,16,True,False,False,10:30
178,189,"Claremont Square, Angel",51.53166681,-0.109914711,0.0,18,True,False,False,10:30
179,178,"Warwick Square, Pimlico",51.48985626,-0.141923621,6.0,12,True,False,False,10:30
180,176,"Gloucester Terrace, Bayswater",51.51791921,-0.188098863,0.0,23,True,False,False,10:30
181,177,"Ashley Place, Victoria",51.49616092,-0.140947636,15.0,10,True,False,False,10:30
182,182,"Bell Street , Marylebone",51.52202903,-0.165842551,14.0,2,True,False,False,10:30
183,180,"North Audley Street, Mayfair",51.5129118,-0.153645496,10.0,7,True,False,False,10:30
184,181,"Belgrave Square, Belgravia",51.49941247,-0.152317537,21.0,0,True,False,False,10:30
185,205,"New Road  2, Whitechapel",51.518144,-0.06275,7.0,10,True,False,False,10:30
186,204,"Margery Street, Clerkenwell",51.52659961,-0.112432615,3.0,15,True,False,False,10:30
187,207,"Grosvenor Crescent, Belgravia",51.50135267,-0.153194766,9.0,7,True,False,False,10:30
188,206,"New Road 1 , Whitechapel",51.518153999999996,-0.062697,7.0,11,True,False,False,10:30
189,201,"Dorset Square, Marylebone",51.522596500000006,-0.161113413,15.0,1,True,False,False,10:30
190,200,"LMU Commercial Road, Whitechapel",51.51492456,-0.066078037,1.0,12,True,False,False,10:30
191,203,"West Smithfield Rotunda, Farringdon",51.51821864,-0.100791005,9.0,6,True,False,False,10:30
192,202,"Leman Street, Aldgate",51.51236389,-0.06954201,26.0,11,True,False,False,10:30
193,197,"Stamford Street, South Bank",51.50556905,-0.11160669599999999,3.0,24,True,False,False,10:30
194,196,"Union Street, The Borough",51.50368837,-0.098497684,6.0,10,True,False,False,10:30
195,199,"Great Tower Street, Monument",51.51048489,-0.082989638,11.0,10,True,False,False,10:30
196,193,"Bankside Mix, Bankside",51.50581776,-0.10018633699999999,60.0,0,True,False,False,10:30
197,192,"Wardour Street, Soho",51.51251523,-0.133201961,9.0,7,True,False,False,10:30
198,195,"Milroy Walk, South Bank",51.50724437,-0.106237501,19.0,11,True,False,False,10:30
199,194,"Hop Exchange, The Borough",51.50462759,-0.091773776,5.0,50,True,False,False,10:30
200,220,"Chelsea Green, Chelsea",51.49066456,-0.166485083,16.0,11,True,False,False,10:30
201,221,"Horseferry Road, Westminster",51.49481649,-0.13045856,16.0,0,True,False,False,10:30
202,222,"Knightsbridge, Hyde Park",51.50275704,-0.155349725,12.0,31,True,False,False,10:30
203,223,"Rodney Road , Walworth",51.49148474,-0.090220911,3.0,21,True,False,False,10:30
204,216,"Old Brompton Road, South Kensington",51.49094565,-0.181190899,10.0,19,True,False,False,10:30
205,217,"Wormwood Street, Liverpool Street",51.51615461,-0.08242239900000001,2.0,11,True,False,False,10:30
206,218,"St. Luke's Church, Chelsea",51.48971651,-0.17019440800000002,14.0,6,True,False,False,10:30
207,219,"Bramham Gardens, Earl's Court",51.49016361,-0.19039362,14.0,13,True,False,False,10:30
208,212,"Campden Hill Road, Notting Hill",51.50658458,-0.19900402600000003,3.0,14,True,False,False,10:30
209,213,"Wellington Arch, Hyde Park",51.50274025,-0.14956920099999998,15.0,17,True,False,False,10:30
210,214,"Endsleigh Gardens, Euston",51.52683806,-0.130504336,0.0,32,True,False,False,10:30
211,215,"Moorfields, Moorgate",51.51906932,-0.088285377,38.0,16,True,False,False,10:30
212,208,"Mallory Street, Marylebone",51.52505151,-0.166304359,11.0,8,True,False,False,10:30
213,209,"Denyer Street, Knightsbridge",51.49358391,-0.16510139199999999,22.0,8,True,False,False,10:30
214,210,"Hinde Street, Marylebone",51.51681444,-0.151926305,19.0,2,True,False,False,10:30
215,211,"Cadogan Place, Knightsbridge",51.49464523,-0.158105512,31.0,3,True,False,False,10:30
216,239,"Warren Street Station, Euston",51.52443845,-0.138019439,20.0,5,True,False,False,10:30
217,238,"Frampton Street, Paddington",51.5233534,-0.175116099,15.0,15,True,False,False,10:30
218,237,"Vaughan Way, Wapping",51.5084448,-0.067176443,23.0,26,True,False,False,10:30
219,236,"Fashion Street, Whitechapel",51.51838043,-0.073438925,10.0,19,True,False,False,10:30
220,235,"Kennington Road  , Vauxhall",51.49571828,-0.11088927400000001,5.0,31,True,False,False,10:30
221,234,"Liverpool Road (N1 Centre), Angel",51.53450449,-0.10699270599999999,11.0,13,True,False,False,10:30
222,233,"Pall Mall East, West End",51.50777049,-0.130699733,22.0,0,True,False,False,10:30
223,232,"Carey Street, Holborn",51.51501025,-0.11275321699999999,16.0,0,True,False,False,10:30
224,231,"Queen's Gate (Central), South Kensington",51.49396755,-0.17873226,0.0,31,True,False,False,10:30
225,230,"Poured Lines, Bankside",51.50669284,-0.10313742599999999,16.0,15,True,False,False,10:30
226,229,"Whitehall Place, Strand",51.50654321,-0.12317969699999999,7.0,17,True,False,False,10:30
227,228,"St. James's Square, St. James's",51.50742485,-0.134621209,40.0,0,True,False,False,10:30
228,227,"Great Percy Street, Clerkenwell",51.52891573,-0.115480888,1.0,22,True,False,False,10:30
229,226,"Charles II Street, West End",51.50844614,-0.131961389,17.0,7,True,False,False,10:30
230,225,"Notting Hill Gate Station, Notting Hill",51.50935342,-0.196422,9.0,20,True,False,False,10:30
231,224,"Whiteley's, Bayswater",51.51476963,-0.18812973100000002,9.0,7,True,False,False,10:30
232,254,"Chadwell Street, Angel",51.53051587,-0.106408455,2.0,16,True,False,False,10:30
233,255,"Clifton Road, Maida Vale",51.52557531,-0.179592915,0.0,22,True,False,False,10:30
234,252,"Jubilee Gardens, South Bank",51.5046364,-0.11654227800000001,13.0,17,True,False,False,10:30
235,253,"Shoreditch Park, Hoxton",51.53404294,-0.086379717,3.0,26,True,False,False,10:30
236,250,"Royal Avenue 1, Chelsea",51.489932,-0.162727,5.0,5,True,False,False,10:30
237,251,"Brushfield Street, Liverpool Street",51.518908,-0.079249,25.0,5,True,False,False,10:30
238,248,"Triangle Car Park, Hyde Park",51.50645179,-0.170279555,17.0,7,True,False,False,10:30
239,249,"Harper Road, Borough",51.49859784,-0.096191134,12.0,30,True,False,False,10:30
240,246,"Berry Street, Clerkenwell",51.52285301,-0.09999405199999999,39.0,1,True,False,False,10:30
241,247,"St. John's Wood Church, Regent's Park",51.530052000000005,-0.16831400000000002,14.0,36,True,False,False,10:30
242,244,"Earnshaw Street , Covent Garden",51.51611887,-0.128585022,18.0,0,True,False,False,10:30
243,245,"Grosvenor Road, Pimlico",51.4853572,-0.142207481,9.0,19,True,False,False,10:30
244,242,"Beaumont Street, Marylebone",51.52200801,-0.151359288,4.0,17,True,False,False,10:30
245,243,"Gloucester Street, Pimlico",51.49096258,-0.139625122,2.0,23,True,False,False,10:30
246,240,"Colombo Street, Southwark",51.50545935,-0.10569204,2.0,13,True,False,False,10:30
247,275,"Barbican Centre, Barbican",51.52004497,-0.092176447,16.0,3,True,False,False,10:30
248,274,"Warwick Road, Olympia",51.49671237,-0.20528437,22.0,13,True,False,False,10:30
249,273,"Belvedere Road, South Bank",51.50613324,-0.114686385,7.0,31,True,False,False,10:30
250,272,"Baylis Road, Waterloo",51.50144456,-0.11069930900000001,5.0,17,True,False,False,10:30
251,279,"North Wharf Road, Paddington",51.51862243,-0.176645823,0.0,25,True,False,False,10:30
252,278,"Tooley Street, Bermondsey",51.503493799999994,-0.07962099,6.0,8,True,False,False,10:30
253,277,"Kensington Church Street, Kensington",51.50315739,-0.191496313,6.0,11,True,False,False,10:30
254,276,"Lower Thames Street, Monument",51.50930161,-0.084985356,15.0,8,True,False,False,10:30
255,283,"Kingsway, Covent Garden",51.51440928,-0.11847875699999999,13.0,3,True,False,False,10:30
256,282,"Royal London Hospital, Whitechapel",51.51906446,-0.059642081,17.0,24,True,False,False,10:30
257,281,"Smith Square, Westminster",51.49580589,-0.127575233,17.0,0,True,False,False,10:30
258,280,"Royal Avenue 2, Chelsea",51.490083,-0.162418,3.0,7,True,False,False,10:30
259,287,"Bedford Way, Bloomsbury",51.52367314,-0.128377673,2.0,21,True,False,False,10:30
260,286,"St. John's Wood Road, St. John's Wood",51.527294700000006,-0.174653609,7.0,28,True,False,False,10:30
261,284,"Lambeth North Station, Waterloo",51.49914063,-0.112031483,2.0,16,True,False,False,10:30
262,259,"Embankment (Horse Guards), Westminster",51.50494561,-0.123247648,11.0,17,True,False,False,10:30
263,256,"Houghton Street, Strand",51.51362054,-0.11676421099999999,8.0,7,True,False,False,10:30
264,257,"Westminster University, Marylebone",51.52248185,-0.154907218,2.0,12,True,False,False,10:30
265,262,"LSBU (Borough Road), Elephant & Castle",51.49874469,-0.103132904,12.0,23,True,False,False,10:30
266,263,"St. Mary Axe, Aldgate",51.51422502,-0.080660083,19.0,0,True,False,False,10:30
267,260,"Broadwick Street, Soho",51.513684600000005,-0.13558087900000002,18.0,0,True,False,False,10:30
268,261,"Princes Square, Bayswater",51.5134891,-0.191351186,9.0,6,True,False,False,10:30
269,266,"Queen's Gate (North), Kensington",51.50102668,-0.18024610100000002,18.0,0,True,False,False,10:30
270,267,"Regency Street, Westminster",51.49206037,-0.13222462199999999,17.0,2,True,False,False,10:30
271,264,"Tysoe Street, Clerkenwell",51.52644342,-0.10925682800000001,17.0,2,True,False,False,10:30
272,265,"Southwick Street, Paddington",51.51595344,-0.169249375,0.0,14,True,False,False,10:30
273,270,"Kennington Lane Rail Bridge, Vauxhall",51.4863434,-0.122492418,6.0,30,True,False,False,10:30
274,271,"London Zoo, Regents Park",51.53583617,-0.156285395,0.0,29,True,False,False,10:30
275,268,"Belgrave Road, Victoria",51.49320445,-0.144132875,6.0,23,True,False,False,10:30
276,269,"Empire Square, The Borough",51.50082346,-0.089740764,29.0,17,True,False,False,10:30
277,305,"Kennington Lane Tesco, Vauxhall",51.48677988,-0.11585396099999999,10.0,5,True,False,False,10:30
278,304,"Cumberland Gate, Hyde Park",51.51211869,-0.16209757,5.0,12,True,False,False,10:30
279,307,"Black Lion Gate, Kensington Gardens",51.50990837,-0.187842717,11.0,13,True,False,False,10:30
280,306,"Rathbone Street, Fitzrovia",51.51816295,-0.135025698,15.0,0,True,False,False,10:30
281,309,"Embankment (Savoy), Strand",51.50963123,-0.11904756300000001,36.0,5,True,False,False,10:30
282,308,"Long Lane , Bermondsey",51.49907558,-0.08566631599999999,5.0,15,True,False,False,10:30
283,311,"Foley Street, Fitzrovia",51.51918144,-0.140485596,18.0,6,True,False,False,10:30
284,310,"Black Prince Road, Vauxhall",51.4908679,-0.116911864,3.0,16,True,False,False,10:30
285,313,"Wells Street, Fitzrovia",51.51734403,-0.138072691,37.0,1,True,False,False,10:30
286,312,"Grove End Road, St. John's Wood",51.53088935,-0.176770502,15.0,4,True,False,False,10:30
287,315,"The Tennis Courts, Regent's Park",51.52536703,-0.153463612,4.0,11,True,False,False,10:30
288,314,"Tyers Gate, Bermondsey",51.50088934,-0.083159352,24.0,12,True,False,False,10:30
289,317,"Dickens Square, Borough",51.49679128,-0.093913472,23.0,9,True,False,False,10:30
290,316,"Cardinal Place, Victoria",51.49768448,-0.141943703,21.0,0,True,False,False,10:30
291,319,"Baldwin Street, St. Luke's",51.52702563,-0.08854277099999999,8.0,13,True,False,False,10:30
292,318,"Sackville Street, Mayfair",51.51004801,-0.138846453,17.0,1,True,False,False,10:30
293,288,"Elizabeth Bridge, Victoria",51.49236962,-0.147478734,27.0,6,True,False,False,10:30
294,289,"South Audley Street, Mayfair",51.50923022,-0.151296092,14.0,1,True,False,False,10:30
295,290,"Winsland Street, Paddington",51.51678023,-0.175488803,1.0,14,True,False,False,10:30
296,291,"Claverton Street, Pimlico",51.48483991,-0.13808906199999998,9.0,23,True,False,False,10:30
297,292,"Montpelier Street, Knightsbridge",51.49888404,-0.165471605,10.0,6,True,False,False,10:30
298,293,"Kensington Olympia Station, Olympia",51.49815779,-0.209494128,1.0,24,True,False,False,10:30
299,294,"St. George's Square, Pimlico",51.488226,-0.135635511,2.0,12,True,False,False,10:30
300,295,"Swan Street, The Borough",51.50029631,-0.092762704,5.0,22,True,False,False,10:30
301,296,"Knaresborough Place, Earl's Court",51.49363156,-0.19060332600000002,5.0,13,True,False,False,10:30
302,297,"Geraldine Street, Elephant & Castle",51.49612799,-0.106000855,,9,True,False,False,10:30
303,298,"Curlew Street, Shad Thames",51.50227992,-0.074189225,1.0,18,True,False,False,10:30
304,299,"Vincent Square, Westminster",51.49398524,-0.136928582,6.0,13,True,False,False,10:30
305,300,"Serpentine Car Park, Hyde Park",51.50501351,-0.17272955899999998,11.0,5,True,False,False,10:30
306,301,"Marylebone Lane, Marylebone",51.51475963,-0.148105415,13.0,9,True,False,False,10:30
307,303,"Albert Gate, Hyde Park",51.50295379,-0.158456089,23.0,3,True,False,False,10:30
308,343,"London Zoo Car Park, Regent's Park",51.53692216,-0.150181444,0.0,36,True,False,False,10:30
309,341,"Craven Street, Strand",51.50810309,-0.12602103,13.0,7,True,False,False,10:30
310,340,"Bank of England Museum, Bank",51.51444134,-0.087587447,12.0,3,True,False,False,10:30
311,339,"Risinghill Street, Angel",51.5333196,-0.111781191,0.0,25,True,False,False,10:30
312,338,"Wellington Street , Strand",51.51175646,-0.119643424,13.0,0,True,False,False,10:30
313,337,"Pembridge Villas, Notting Hill",51.51108452,-0.19752494399999998,1.0,15,True,False,False,10:30
314,336,"Concert Hall Approach 2, South Bank",51.504942,-0.115533,2.0,16,True,False,False,10:30
315,351,"Macclesfield Rd, St Lukes",51.529423,-0.097122,0.0,27,True,False,False,10:30
316,350,"Queen's Gate, Kensington Gardens",51.5017154373867,-0.1798541843891,17.0,2,True,False,False,10:30
317,349,"St. George Street, Mayfair",51.511959999999995,-0.142783033,16.0,2,True,False,False,10:30
318,348,"Grosvenor Square, Mayfair",51.51217033,-0.150481272,17.0,0,True,False,False,10:30
319,347,"Lower Marsh, Waterloo",51.50013942,-0.113936001,5.0,12,True,False,False,10:30
320,345,"Flood Street, Chelsea",51.48802358,-0.166878535,10.0,7,True,False,False,10:30
321,344,"Goswell Road (City Uni), Finsbury",51.528246,-0.10102611,6.0,11,True,False,False,10:30
322,326,"Graham Street, Angel",51.53266186,-0.099981142,1.0,24,True,False,False,10:30
323,327,"New North Road 1, Hoxton",51.53114,-0.086016,9.0,13,True,False,False,10:30
324,324,"Ontario Street, Elephant & Castle",51.49652013,-0.10138406800000001,1.0,14,True,False,False,10:30
325,325,"St. Martin's Street, West End",51.50908747,-0.129697889,15.0,3,True,False,False,10:30
326,322,"Palissy Street, Shoreditch",51.526293,-0.07395499999999999,4.0,22,True,False,False,10:30
327,323,"Clifton Street, Shoreditch",51.523196,-0.083067,20.0,3,True,False,False,10:30
328,320,"Queen Mother Sports Centre, Victoria",51.49357351,-0.139956043,11.0,13,True,False,False,10:30
329,321,"Bermondsey Street, Bermondsey",51.49785559,-0.081608045,11.0,13,True,False,False,10:30
330,334,"Concert Hall Approach 1, South Bank",51.505044,-0.115851,0.0,10,True,False,False,10:30
331,335,"Tavistock Street, Covent Garden",51.51196803,-0.12071875900000001,11.0,21,True,False,False,10:30
332,332,"Nevern Place, Earl's Court",51.49334336,-0.19475794899999999,7.0,13,True,False,False,10:30
333,333,"Palace Gardens Terrace, Notting Hill",51.50860544,-0.193764092,1.0,35,True,False,False,10:30
334,330,"Eastbourne Mews, Paddington",51.51641749,-0.17913507899999997,0.0,34,True,False,False,10:30
335,331,"Bunhill Row, Moorgate",51.52085887,-0.089887855,30.0,0,True,False,False,10:30
336,328,"New North Road 2, Hoxton",51.53095,-0.085603,7.0,15,True,False,False,10:30
337,329,"Prince Albert Road, Regent's Park",51.53589283,-0.160854428,0.0,24,True,False,False,10:30
338,373,"Prince Consort Road, Knightsbridge",51.49980661,-0.176415994,17.0,1,True,False,False,10:30
339,372,"Sardinia Street, Holborn",51.515208,-0.11786300000000001,22.0,2,True,False,False,10:30
340,375,"Kensington Town Hall, Kensington",51.50194596,-0.19439295199999998,10.0,8,True,False,False,10:30
341,374,"Waterloo Station 1, Waterloo",51.50402793,-0.11386435,10.0,23,True,False,False,10:30
342,368,"Harriet Street, Knightsbridge",51.50024195,-0.15934065,18.0,6,True,False,False,10:30
343,371,"King Edward Walk, Waterloo",51.49775,-0.10987999999999999,8.0,14,True,False,False,10:30
344,370,"Paddington Green, Paddington",51.520205,-0.174593,1.0,19,True,False,False,10:30
345,381,"Charlotte Street, Fitzrovia",51.51953043,-0.13577731,13.0,0,True,False,False,10:30
346,380,"Stanhope Gate, Mayfair",51.50686435,-0.150666888,9.0,12,True,False,False,10:30
347,383,"Frith Street, Soho",51.51310333,-0.13121385,15.0,3,True,False,False,10:30
348,382,"Farm Street, Mayfair",51.50935171,-0.14744969,8.0,7,True,False,False,10:30
349,377,"Waterloo Bridge, South Bank",51.50535447,-0.11365654300000001,5.0,10,True,False,False,10:30
350,376,"Millbank House, Pimlico",51.49188409,-0.125674815,24.0,0,True,False,False,10:30
351,379,"Turquoise Island, Notting Hill",51.51431171,-0.200838199,1.0,19,True,False,False,10:30
352,378,"Natural History Museum, South Kensington",51.49559291,-0.17907762600000002,15.0,26,True,False,False,10:30
353,356,"South Kensington Station, South Kensington",51.494412,-0.173881,12.0,1,True,False,False,10:30
354,357,"Howland Street, Fitzrovia",51.520994,-0.139016,30.0,0,True,False,False,10:30
355,358,"High Holborn , Covent Garden",51.51643491,-0.124332175,11.0,5,True,False,False,10:30
356,359,"Butler Place, Westminster",51.49782999,-0.135440826,18.0,0,True,False,False,10:30
357,352,"Vauxhall Street, Vauxhall",51.486965000000005,-0.116625,10.0,9,True,False,False,10:30
358,353,"Greycoat Street , Westminster",51.49459148,-0.134234258,17.0,0,True,False,False,10:30
359,354,"Northumberland Avenue, Strand",51.506766999999996,-0.12370199999999999,5.0,31,True,False,False,10:30
360,355,"Oval Way, Lambeth",51.486575,-0.11728599999999999,17.0,4,True,False,False,10:30
361,364,"Alfred Place, Bloomsbury",51.519656,-0.132339,25.0,15,True,False,False,10:30
362,365,"City Road, Angel",51.530344,-0.100168,2.0,43,True,False,False,10:30
363,366,"Millennium Hotel, Mayfair",51.5109192966489,-0.1511263847351,16.0,11,True,False,False,10:30
364,367,"Harrowby Street, Marylebone",51.5173721,-0.1642075,1.0,14,True,False,False,10:30
365,360,"Howick Place, Westminster",51.49675303,-0.138733562,24.0,2,True,False,False,10:30
366,361,"Waterloo Station 2, Waterloo",51.50391972,-0.11342628,8.0,42,True,False,False,10:30
367,362,"Royal College Street, Camden Town",51.536264,-0.133952,16.0,41,True,False,False,10:30
368,363,"Lord's, St. John's Wood",51.5291212008901,-0.171185284853,4.0,20,True,False,False,10:30
369,410,"Edgware Road Station, Paddington",51.519968,-0.169774,38.0,25,True,False,False,10:30
370,411,"Walworth Road, Southwark",51.49337264,-0.09968067,17.0,10,True,False,False,10:30
371,408,"Paddington Green Police Station, Paddington",51.51994326,-0.17070433699999998,0.0,39,True,False,False,10:30
372,409,"Strata, Southwark",51.493146,-0.099828,1.0,20,True,False,False,10:30
373,412,"Cleaver Street, Kennington",51.488105,-0.11012100000000001,5.0,12,True,False,False,10:30
374,402,"Penfold Street, Marylebone",51.52289229,-0.171681991,3.0,11,True,False,False,10:30
375,403,"George Place Mews, Marylebone",51.51689296,-0.158249929,2.0,14,True,False,False,10:30
376,400,"George Street, Marylebone",51.517703000000004,-0.154106,12.0,14,True,False,False,10:30
377,401,"Columbia Road, Weavers",51.528187,-0.075375,2.0,21,True,False,False,10:30
378,406,"Speakers' Corner 2, Hyde Park",51.512303,-0.15998800000000002,10.0,13,True,False,False,10:30
379,407,"Speakers' Corner 1, Hyde Park",51.51222,-0.16078499999999998,5.0,12,True,False,False,10:30
380,404,"Palace Gate, Kensington Gardens",51.50204238,-0.184400221,3.0,12,True,False,False,10:30
381,405,"Gloucester Road Station, South Kensington",51.49418566,-0.18267094,11.0,3,True,False,False,10:30
382,395,"Cadogan Gardens, Sloane Square",51.492461999999996,-0.159919,15.0,0,True,False,False,10:30
383,394,"Aberdeen Place, St. John's Wood",51.524826000000004,-0.176268,1.0,17,True,False,False,10:30
384,393,"Snow Hill, Farringdon",51.51733427,-0.10360424800000001,15.0,0,True,False,False,10:30
385,392,"Imperial College, Knightsbridge",51.49942855,-0.17970247600000003,20.0,0,True,False,False,10:30
386,399,"Brick Lane Market, Shoreditch",51.52261762,-0.071653961,2.0,22,True,False,False,10:30
387,398,"Holland Park, Kensington",51.502319,-0.200742,3.0,26,True,False,False,10:30
388,397,"Devonshire Terrace, Bayswater",51.51348,-0.17977,0.0,16,True,False,False,10:30
389,396,"Shouldham Street, Marylebone",51.51809,-0.163609,1.0,15,True,False,False,10:30
390,387,"Fire Brigade Pier, Vauxhall",51.49369988,-0.12139410099999999,17.0,12,True,False,False,10:30
391,386,"Moor Street, Soho",51.51352755,-0.130110822,12.0,2,True,False,False,10:30
392,384,"Marloes Road, Kensington",51.496481,-0.192404,1.0,14,True,False,False,10:30
393,391,"Clifford Street, Mayfair",51.51066202,-0.142345694,27.0,0,True,False,False,10:30
394,390,"Buxton Street 1, Bangla Town",51.521776,-0.068856,1.0,40,True,False,False,10:30
395,389,"Upper Grosvenor Street, Mayfair",51.51013066,-0.155757901,7.0,11,True,False,False,10:30
396,388,"Southampton Street, Strand",51.51070161,-0.121723604,5.0,9,True,False,False,10:30
397,440,"Kennington Oval, Oval",51.483145,-0.113134,15.0,18,True,False,False,10:30
398,441,"Sail Street, Vauxhall",51.495656,-0.114605,10.0,12,True,False,False,10:30
399,442,"Walmer Road, Notting Hill",51.510101,-0.211358,3.0,21,True,False,False,10:30
400,443,"Philpot Street, Whitechapel",51.515256,-0.058641,,22,True,False,False,10:30
401,444,"Bethnal Green Gardens, Bethnal Green",51.52568,-0.055312,2.0,21,True,False,False,10:30
402,445,"Cheshire Street, Bethnal Green",51.52388,-0.065076,0.0,25,True,False,False,10:30
403,446,"York Hall, Bethnal Green",51.528936,-0.055894000000000006,18.0,8,True,False,False,10:30
404,447,"Jubilee Crescent, Cubitt Town",51.493381,-0.007542,26.0,28,True,False,False,10:30
405,432,"Exhibition Road Museums, Knightsbridge",51.496957,-0.173894,18.0,4,True,False,False,10:30
406,433,"Wren Street, Holborn",51.524564,-0.116279,2.0,31,True,False,False,10:30
407,435,"Kennington Station, Kennington",51.488852,-0.105593,2.0,21,True,False,False,10:30
408,436,"Red Lion Street, Holborn",51.518240000000006,-0.11655,36.0,0,True,False,False,10:30
409,437,"Vauxhall Walk, Vauxhall",51.488124,-0.120903,20.0,7,True,False,False,10:30
410,439,"Killick Street, Kings Cross",51.5338,-0.118677,4.0,18,True,False,False,10:30
411,425,"Harrington Square 2, Camden Town",51.533379,-0.139159,3.0,35,True,False,False,10:30
412,424,"Ebury Bridge, Pimlico",51.490491,-0.14918599999999999,1.0,28,True,False,False,10:30
413,427,"Cheapside, Bank",51.51397065,-0.09294031,25.0,14,True,False,False,10:30
414,426,"Vincent Street, Pimlico",51.493072,-0.129925,16.0,1,True,False,False,10:30
415,428,"Exhibition Road, South Kensington",51.499916999999996,-0.174554,18.0,1,True,False,False,10:30
416,431,"Crinan Street, King's Cross",51.534473999999996,-0.12220299999999999,4.0,15,True,False,False,10:30
417,430,"South Parade, Chelsea",51.489020000000004,-0.17524,11.0,7,True,False,False,10:30
418,419,"Chelsea Bridge, Pimlico",51.485821,-0.149004,2.0,12,True,False,False,10:30
419,421,"Southwark Station 2, Southwark",51.504044,-0.104778,9.0,35,True,False,False,10:30
420,420,"Southwark Station 1, Southwark",51.504042999999996,-0.10531199999999999,26.0,9,True,False,False,10:30
421,423,"Eaton Square (South), Belgravia",51.49456127,-0.15393398,14.0,15,True,False,False,10:30
422,478,"Stepney Green Station, Stepney",51.521889,-0.046669999999999996,13.0,5,True,False,False,10:30
423,479,"Pott Street, Bethnal Green",51.527152,-0.058004999999999994,0.0,20,True,False,False,10:30
424,476,"Stebondale Street, Cubitt Town",51.489096,-0.009205,25.0,4,True,False,False,10:30
425,477,"Spindrift Avenue, Millwall",51.49109,-0.018716,27.0,9,True,False,False,10:30
426,474,"Castalia Square, Cubitt Town",51.498125,-0.011457,26.0,13,True,False,False,10:30
427,475,"Lightermans Road, Millwall",51.499041,-0.020156999999999998,29.0,27,True,False,False,10:30
428,472,"Malmesbury Road, Bow",51.529452,-0.027616,6.0,14,True,False,False,10:30
429,473,"Millharbour, Millwall",51.496137,-0.019355,12.0,7,True,False,False,10:30
430,470,"Mostyn Grove, Bow",51.530535,-0.025491999999999997,4.0,41,True,False,False,10:30
431,471,"Hewison Street, Old Ford",51.533283000000004,-0.028155,0.0,19,True,False,False,10:30
432,468,"Cantrell Road, Bow",51.521564,-0.022694,14.0,10,True,False,False,10:30
433,469,"Lindfield Street, Poplar",51.513757,-0.020467,19.0,23,True,False,False,10:30
434,466,"Whiston Road, Haggerston",51.534464,-0.07634099999999999,0.0,21,True,False,False,10:30
435,467,"Southern Grove, Bow",51.523538,-0.030556,3.0,14,True,False,False,10:30
436,464,"St. Mary and St. Michael Church, Stepney",51.51417,-0.052099,15.0,10,True,False,False,10:30
437,465,"Pitfield Street (North),Hoxton",51.535579999999996,-0.08249,0.0,26,True,False,False,10:30
438,463,"Thurtle Road, Haggerston",51.534776,-0.071881,0.0,22,True,False,False,10:30
439,462,"Bonny Street, Camden Town",51.541603,-0.138853,1.0,44,True,False,False,10:30
440,461,"Aston Street, Stepney",51.516000000000005,-0.038775,11.0,15,True,False,False,10:30
441,460,"Burdett Road, Mile End",51.516196,-0.029138,24.0,8,True,False,False,10:30
442,459,"Gun Makers Lane, Old Ford",51.535179,-0.03338,8.0,9,True,False,False,10:30
443,458,"Wapping Lane, Wapping",51.504749,-0.057544000000000005,6.0,21,True,False,False,10:30
444,457,"Castlehaven Road, Camden Town",51.542138,-0.145393,0.0,29,True,False,False,10:30
445,456,"Parkway, Camden Town",51.538071,-0.14466400000000001,2.0,30,True,False,False,10:30
446,455,"East Ferry Road, Cubitt Town",51.49447,-0.014409,11.0,6,True,False,False,10:30
447,454,"Napier Avenue, Millwall",51.487679,-0.021582,0.0,20,True,False,False,10:30
448,453,"Garnet Street, Shadwell",51.508447,-0.055166999999999994,9.0,15,True,False,False,10:30
449,452,"St Katharines Way, Tower",51.505697,-0.070542,24.0,0,True,False,False,10:30
450,451,"Hermitage Court, Wapping",51.504719,-0.06353099999999999,4.0,12,True,False,False,10:30
451,450,"Jubilee Street, Stepney",51.515975,-0.053176999999999995,19.0,9,True,False,False,10:30
452,449,"Shadwell Station, Shadwell",51.511088,-0.057159,11.0,22,True,False,False,10:30
453,448,"Fishermans Walk West, Canary Wharf",51.50623,-0.022959999999999998,21.0,15,True,False,False,10:30
454,508,"Fournier Street, Whitechapel",51.519362,-0.074431,18.0,0,True,False,False,10:30
455,509,"Fore Street, Guildhall",51.517842,-0.090075,18.0,0,True,False,False,10:30
456,510,"Westferry DLR, Limehouse",51.509303,-0.025996,32.0,6,True,False,False,10:30
457,511,"Sutton Street, Shadwell",51.511066,-0.053558,9.0,24,True,False,False,10:30
458,504,"St John's Park, Cubitt Town",51.496454,-0.009506,25.0,5,True,False,False,10:30
459,505,"Ackroyd Drive, Bow",51.520398,-0.026768,20.0,7,True,False,False,10:30
460,506,"Bell Lane, Liverpool Street",51.517475,-0.07585499999999999,10.0,11,True,False,False,10:30
461,507,"Clarkson Street, Bethnal Green",51.528692,-0.059091,19.0,12,True,False,False,10:30
462,500,"Sidney Street, Stepney",51.519806,-0.055730999999999996,10.0,32,True,False,False,10:30
463,501,"Cephas Street, Bethnal Green",51.522560999999996,-0.054883,7.0,17,True,False,False,10:30
464,502,"South Quay West, Canary Wharf",51.502635,-0.022702,26.0,34,True,False,False,10:30
465,503,"Cleveland Way, Bethnal Green",51.520893,-0.051394,27.0,8,True,False,False,10:30
466,496,"Devons Road, Bow",51.52512,-0.015578,12.0,25,True,False,False,10:30
467,497,"Coborn Street, Mile End",51.526534999999996,-0.028619,27.0,0,True,False,False,10:30
468,498,"Bow Road Station, Bow",51.527058000000004,-0.025296000000000003,22.0,20,True,False,False,10:30
469,499,"Furze Green, Bow",51.519265000000004,-0.021345,11.0,24,True,False,False,10:30
470,492,"The Green Bridge, Mile End",51.524677000000004,-0.03562,16.0,45,True,False,False,10:30
471,495,"Bow Church Station, Bow",51.528169,-0.018703,24.0,12,True,False,False,10:30
472,494,"South Quay East, Canary Wharf",51.50196,-0.016250999999999998,18.0,18,True,False,False,10:30
473,489,"Christian Street, Whitechapel",51.513073999999996,-0.06409400000000001,2.0,32,True,False,False,10:30
474,488,"Reardon Street, Wapping",51.506946,-0.058681,0.0,22,True,False,False,10:30
475,491,"Queen Marys, Mile End",51.522507,-0.041378,25.0,18,True,False,False,10:30
476,490,"Pennington Street, Wapping",51.508621999999995,-0.065006,25.0,20,True,False,False,10:30
477,485,"Old Ford Road, Bethnal Green",51.531127000000005,-0.048017000000000004,14.0,9,True,False,False,10:30
478,484,"Bromley High Street, Bromley",51.528828000000004,-0.013258,9.0,15,True,False,False,10:30
479,487,"Canton Street, Poplar",51.511811,-0.025626,10.0,13,True,False,False,10:30
480,486,"Granby Street, Shoreditch",51.525645000000004,-0.069543,1.0,36,True,False,False,10:30
481,481,"Saunders Ness Road, Cubitt Town",51.487128999999996,-0.009001,29.0,5,True,False,False,10:30
482,480,"Flamborough Street, Limehouse",51.5128711,-0.038986599999999996,10.0,14,True,False,False,10:30
483,483,"Albert Gardens, Stepney",51.51328,-0.047784,2.0,31,True,False,False,10:30
484,482,"Thornfield House, Poplar",51.509843,-0.02377,16.0,10,True,False,False,10:30
485,550,"Harford Street, Mile End",51.521564,-0.039264,16.0,6,True,False,False,10:30
486,551,"Montgomery Square, Canary Wharf",51.503446999999994,-0.016233,38.0,1,True,False,False,10:30
487,548,"Westminster Bridge Road, Elephant & Castle",51.498385999999996,-0.10791300000000001,9.0,16,True,False,False,10:30
488,549,"Gaywood  Street, Elephant & Castle",51.49605,-0.10419300000000001,27.0,17,True,False,False,10:30
489,546,"New Fetter Lane, Holborn",51.517428,-0.10798699999999999,13.0,7,True,False,False,10:30
490,547,"East India DLR, Blackwall",51.509474,-0.002275,32.0,18,True,False,False,10:30
491,544,"Percival Street, Finsbury",51.526153,-0.10220800000000001,19.0,1,True,False,False,10:30
492,545,"Arlington Road, Camden Town",51.539957,-0.14524600000000001,11.0,12,True,False,False,10:30
493,558,"Page Street, Westminster",51.493978000000006,-0.127554,23.0,0,True,False,False,10:30
494,559,"Abbotsbury Road, Holland Park",51.501391,-0.20599099999999998,13.0,11,True,False,False,10:30
495,556,"Heron Quays DLR, Canary Wharf",51.502660999999996,-0.021596,21.0,6,True,False,False,10:30
496,557,"King Edward Street, St Pauls",51.516009999999994,-0.0985,18.0,1,True,False,False,10:30
497,554,"Aberfeldy Street, Poplar",51.513548,-0.005659,14.0,2,True,False,False,10:30
498,555,"Westfield Eastern Access Road, Shepherd's Bush",51.509423999999996,-0.219712,32.0,23,True,False,False,10:30
499,552,"Watney Street, Shadwell",51.511542,-0.056666999999999995,3.0,24,True,False,False,10:30
500,553,"Regent's Row , Haggerston",51.535678000000004,-0.062546,4.0,14,True,False,False,10:30
501,566,"Westfield Ariel Way, White City",51.509158,-0.22410300000000002,38.0,4,True,False,False,10:30
502,565,"Selby Street, Whitechapel",51.521905,-0.063386,0.0,17,True,False,False,10:30
503,564,"Somerset House, Strand",51.509943,-0.117619,18.0,23,True,False,False,10:30
504,563,"Preston's Road, Cubitt Town",51.499286,-0.009152,19.0,6,True,False,False,10:30
505,562,"Bury Place, Holborn",51.51746,-0.12335,18.0,3,True,False,False,10:30
506,561,"Rectory Square, Stepney",51.518369,-0.043371,5.0,14,True,False,False,10:30
507,560,"Ladbroke Grove Central, Notting Hill",51.511624,-0.205921,0.0,21,True,False,False,10:30
508,574,"Eagle Wharf Road, Hoxton",51.533559999999994,-0.09315,0.0,45,True,False,False,10:30
509,573,"Limerston Street, Chelsea",51.485587,-0.18119000000000002,12.0,6,True,False,False,10:30
510,572,"Greenland Road, Camden Town",51.539099,-0.141728,1.0,35,True,False,False,10:30
511,571,"Westfield Southern Terrace ,Shepherd's Bush",51.506256,-0.21833699999999998,17.0,12,True,False,False,10:30
512,570,"Upper Bank Street, Canary Wharf",51.503083000000004,-0.017676,28.0,8,True,False,False,10:30
513,569,"Pitfield Street Central, Hoxton",51.53213,-0.08299,1.0,21,True,False,False,10:30
514,568,"Bishop's Bridge Road West, Bayswater",51.51616,-0.18697,0.0,18,True,False,False,10:30
515,516,"Chrisp Street Market, Poplar",51.5112,-0.014438,16.0,2,True,False,False,10:30
516,517,"Ford Road, Old Ford",51.532513,-0.033085,7.0,11,True,False,False,10:30
517,518,"Antill Road, Mile End",51.528224,-0.037471,8.0,21,True,False,False,10:30
518,519,"Teviot Street, Poplar",51.518811,-0.011662,22.0,11,True,False,False,10:30
519,512,"Pritchard's Road, Bethnal Green",51.532090999999994,-0.06142,12.0,17,True,False,False,10:30
520,513,"Watney Market, Stepney",51.51422279999999,-0.055656,29.0,21,True,False,False,10:30
521,514,"Portman Square, Marylebone",51.516203999999995,-0.155525,16.0,1,True,False,False,10:30
522,515,"Russell Gardens, Holland Park",51.500088,-0.21131599999999998,8.0,16,True,False,False,10:30
523,524,"Lancaster Gate , Bayswater",51.511654,-0.179668,6.0,32,True,False,False,10:30
524,525,"Churchill Place, Canary Wharf",51.504714,-0.014293,18.0,0,True,False,False,10:30
525,526,"Lancaster Drive, Blackwall",51.503143,-0.008428,18.0,9,True,False,False,10:30
526,527,"Hansard Mews, Shepherds Bush",51.503802,-0.215808,17.0,2,True,False,False,10:30
527,520,"Bancroft Road, Bethnal Green",51.526041,-0.047218,5.0,16,True,False,False,10:30
528,521,"Driffield Road, Old Ford",51.534137,-0.037366,4.0,15,True,False,False,10:30
529,522,"Clinton Road, Mile End",51.525940999999996,-0.036017,8.0,27,True,False,False,10:30
530,523,"Langdon Park, Poplar",51.51549,-0.013475,18.0,5,True,False,False,10:30
531,533,"Wellington Row, Bethnal Green",51.528222,-0.069743,1.0,31,True,False,False,10:30
532,532,"Jubilee Plaza, Canary Wharf",51.50357,-0.020068,61.0,2,True,False,False,10:30
533,535,"Gloucester Avenue, Camden Town",51.537349,-0.147154,0.0,23,True,False,False,10:30
534,534,"Goldsmiths Row, Haggerston",51.531864,-0.066035,5.0,21,True,False,False,10:30
535,529,"Manresa Road, Chelsea",51.486892,-0.170983,15.0,2,True,False,False,10:30
536,528,"Clarges Street, West End",51.507326,-0.14582699999999998,16.0,0,True,False,False,10:30
537,531,"Twig Folly Bridge, Mile End",51.530326,-0.042744,3.0,17,True,False,False,10:30
538,530,"Newby Place, Poplar",51.508896,-0.012412999999999999,12.0,6,True,False,False,10:30
539,541,"Green Park Station, West End",51.506613,-0.142844,22.0,4,True,False,False,10:30
540,540,"Albany Street, Regent's Park",51.528302000000004,-0.144466,0.0,25,True,False,False,10:30
541,543,"Lansdowne Walk, Notting Hill",51.509591,-0.20466600000000001,14.0,7,True,False,False,10:30
542,542,"Salmon Lane, Limehouse",51.514115000000004,-0.033828,19.0,13,True,False,False,10:30
543,537,"Old Montague Street, Whitechapel",51.51793,-0.067937,2.0,16,True,False,False,10:30
544,536,"Queensbridge Road, Haggerston",51.53385,-0.06992000000000001,10.0,25,True,False,False,10:30
545,539,"Hoxton Station, Haggerston",51.531090999999996,-0.075901,5.0,17,True,False,False,10:30
546,538,"Naval Row, Blackwall",51.508981,-0.0069900000000000006,20.0,1,True,False,False,10:30
547,610,"Danvers Street, West Chelsea",51.48256792,-0.172078187,19.0,1,True,False,False,10:30
548,611,"Princedale Road , Holland Park",51.50646524,-0.208486599,15.0,5,True,False,False,10:30
549,608,"Colet Gardens, Hammersmith",51.491093,-0.216493,18.0,12,True,False,False,10:30
550,609,"Sugden Road, Battersea",51.46512358,-0.157788279,14.0,5,True,False,False,10:30
551,614,"Bradmead, Nine Elms",51.47817208,-0.144690541,38.0,2,True,False,False,10:30
552,615,"Finlay Street, Fulham",51.476885100000004,-0.21589560100000002,11.0,6,True,False,False,10:30
553,612,"Wandsworth Rd, Isley Court, Wandsworth Road",51.46925984,-0.141812513,24.0,6,True,False,False,10:30
554,613,"Woodstock Grove, Shepherd's Bush",51.50403821,-0.21740009300000002,20.0,4,True,False,False,10:30
555,618,"Eel Brook Common, Walham Green",51.47625965,-0.193254007,4.0,19,True,False,False,10:30
556,619,"Irene Road, Parsons Green",51.4737636,-0.19701009600000002,37.0,6,True,False,False,10:30
557,616,"Aintree Street, Fulham",51.48102131,-0.20997349699999998,1.0,23,True,False,False,10:30
558,617,"Elysium Place, Fulham",51.47107905,-0.20784290800000002,4.0,17,True,False,False,10:30
559,622,"Lansdowne Road, Ladbroke Grove",51.50748124,-0.20553590800000002,29.0,0,True,False,False,10:30
560,623,"Nantes Close, Wandsworth",51.46193072,-0.18079178399999998,15.0,6,True,False,False,10:30
561,620,"Surrey Lane, Battersea",51.47518024,-0.167160736,14.0,13,True,False,False,10:30
562,621,"Wandsworth Town Station, Wandsworth",51.46086446,-0.187427294,30.0,3,True,False,False,10:30
563,627,"Holden Street, Battersea",51.468790500000004,-0.158230901,16.0,4,True,False,False,10:30
564,626,"Normand Park, Fulham",51.48438657,-0.20481514,1.0,22,True,False,False,10:30
565,625,"Queen's Circus, Battersea Park",51.47761941,-0.149551631,16.0,12,True,False,False,10:30
566,624,"Courland Grove, Wandsworth Road",51.4729184,-0.13210270400000002,32.0,7,True,False,False,10:30
567,631,"Battersea Park Road, Nine Elms",51.47950170000001,-0.141770709,14.0,12,True,False,False,10:30
568,630,"Clarence Walk, Stockwell",51.47073264,-0.12699406800000002,19.0,8,True,False,False,10:30
569,629,"Morie Street, Wandsworth",51.45995384,-0.190184054,23.0,3,True,False,False,10:30
570,628,"William Morris Way, Sands End",51.46881971,-0.184318843,23.0,3,True,False,False,10:30
571,635,"Greyhound Road, Hammersmith",51.48606206,-0.214428378,9.0,26,True,False,False,10:30
572,634,"Brook Green South, Brook Green",51.49434708,-0.21580455899999998,11.0,22,True,False,False,10:30
573,633,"Vereker Road, West Kensington",51.48959104,-0.20937859399999997,8.0,23,True,False,False,10:30
574,632,"Sheepcote Lane, Battersea",51.47053858,-0.163041605,13.0,14,True,False,False,10:30
575,639,"Coomer Place, West Kensington",51.48357068,-0.202038682,20.0,7,True,False,False,10:30
576,638,"Falcon Road, Clapham Junction",51.46663393,-0.169821175,8.0,17,True,False,False,10:30
577,637,"Spencer Park, Wandsworth Common",51.45787019,-0.17469162300000002,18.0,7,True,False,False,10:30
578,636,"South Park, Sands End",51.46706414,-0.19350207600000002,20.0,8,True,False,False,10:30
579,576,"Alpha Grove, Millwall",51.497304,-0.022793,14.0,9,True,False,False,10:30
580,577,"Globe Town Market, Bethnal Green",51.528869,-0.047548,17.0,3,True,False,False,10:30
581,578,"Hollybush Gardens, Bethnal Green",51.527607,-0.057133,11.0,21,True,False,False,10:30
582,579,"Queen Street 2, Bank",51.511246,-0.093051,36.0,0,True,False,False,10:30
583,580,"Doddington Grove, Kennington",51.48692917,-0.102996299,7.0,27,True,False,False,10:30
584,583,"Abingdon Green, Great College Street",51.497622,-0.125978,20.0,0,True,False,False,10:30
585,584,"Ilchester Gardens, Bayswater",51.512440000000005,-0.19096,0.0,21,True,False,False,10:30
586,586,"Mudchute DLR, Cubitt Town",51.490645,-0.014582,19.0,12,True,False,False,10:30
587,587,"Monument Street, Monument",51.509640000000005,-0.08497,21.0,1,True,False,False,10:30
588,588,"Hoxton Street, Hoxton",51.52959,-0.0801,6.0,21,True,False,False,10:30
589,589,"Drayton Gardens, Chelsea",51.487196000000004,-0.179369,5.0,13,True,False,False,10:30
590,590,"Greenberry Street, St.John's Wood",51.53256,-0.16862,1.0,25,True,False,False,10:30
591,591,"Westfield Library Corner, Shepherd's Bush",51.506093,-0.2242237,6.0,21,True,False,False,10:30
592,593,"Northdown Street, King's Cross",51.531065999999996,-0.11934000000000002,0.0,21,True,False,False,10:30
593,592,"Bishop's Bridge Road East, Bayswater",51.5171,-0.18377000000000002,3.0,16,True,False,False,10:30
594,595,"Hammersmith Road, Hammersmith",51.493266999999996,-0.21985,19.0,1,True,False,False,10:30
595,594,"Kingsway Southbound, Strand",51.513875,-0.117774,22.0,11,True,False,False,10:30
596,597,"Fulham Park Road, Fulham",51.473471,-0.20781999999999998,21.0,6,True,False,False,10:30
597,596,"Parson's Green , Parson's Green",51.472817,-0.199783,14.0,6,True,False,False,10:30
598,599,"Manbre Road, Hammersmith",51.485743,-0.22361599999999998,22.0,4,True,False,False,10:30
599,598,"Southerton Road, Hammersmith",51.494499,-0.228188,22.0,16,True,False,False,10:30
600,601,"BBC White City, White City",51.514767,-0.225787,16.0,19,True,False,False,10:30
601,600,"South Lambeth Road, Vauxhall",51.481747,-0.124642,3.0,18,True,False,False,10:30
602,603,"Caldwell Street, Stockwell",51.477839,-0.11649300000000001,22.0,20,True,False,False,10:30
603,602,"Union Grove, Wandsworth Road",51.472993,-0.133972,35.0,9,True,False,False,10:30
604,605,"Seymour Place, Marylebone",51.520331,-0.163667,17.0,12,True,False,False,10:30
605,604,"St Martin's Close, Camden Town",51.538792,-0.138535,2.0,16,True,False,False,10:30
606,607,"Putney Bridge Station, Fulham",51.468814,-0.210279,13.0,6,True,False,False,10:30
607,606,"Addison Road, Holland Park",51.504199,-0.210941,7.0,19,True,False,False,10:30
608,687,"Maclise Road, Olympia",51.49760804,-0.21145598,6.0,20,True,False,False,10:30
609,686,"Beryl Road, Hammersmith",51.48814438,-0.22245646800000002,7.0,18,True,False,False,10:30
610,685,"Osiers Road, Wandsworth",51.46067005,-0.198735357,10.0,20,True,False,False,10:30
611,684,"Neville Gill Close, Wandsworth",51.45475251,-0.195197203,28.0,3,True,False,False,10:30
612,683,"Dorothy Road, Clapham Junction",51.46506424,-0.163750945,19.0,8,True,False,False,10:30
613,682,"Crisp Road, Hammersmith",51.48810829,-0.22660621,34.0,11,True,False,False,10:30
614,681,"Bishop's Avenue, Fulham",51.47303687,-0.21474980800000001,21.0,22,True,False,False,10:30
615,680,"Westbridge Road, Battersea",51.47768469,-0.17032931699999998,9.0,18,True,False,False,10:30
616,679,"Orbel Street, Battersea",51.47453545,-0.170210533,8.0,17,True,False,False,10:30
617,678,"Esmond Street, Putney",51.46231278,-0.211468596,22.0,7,True,False,False,10:30
618,677,"Heath Road, Battersea",51.46866929,-0.146544642,18.0,8,True,False,False,10:30
619,676,"Hartington Road, Stockwell",51.47787084,-0.126874471,6.0,27,True,False,False,10:30
620,675,"Usk Road, Battersea",51.46348914,-0.18212624800000002,25.0,4,True,False,False,10:30
621,674,"Carnegie Street, King's Cross",51.53546778,-0.11619105,0.0,39,True,False,False,10:30
622,673,"Hibbert Street, Battersea",51.46517078,-0.18038939,29.0,5,True,False,False,10:30
623,672,"Grant Road Central, Clapham Junction",51.46468839999999,-0.17365654600000002,15.0,13,True,False,False,10:30
624,702,"Durant Street, Bethnal Green",51.52868155,-0.065550321,0.0,24,True,False,False,10:30
625,703,"St. Bride Street, Holborn",51.51505991,-0.10534448,14.0,10,True,False,False,10:30
626,700,"Battersea Church Road, Battersea",51.47696496,-0.17434706600000002,18.0,4,True,False,False,10:30
627,701,"Vicarage Crescent, Battersea",51.47287627,-0.176267008,11.0,19,True,False,False,10:30
628,698,"Shoreditch Court, Haggerston",51.53908372,-0.070329419,2.0,33,True,False,False,10:30
629,699,"Belford House, Haggerston",51.5366541,-0.07023031,0.0,38,True,False,False,10:30
630,696,"Charing Cross Hospital, Hammersmith",51.48728535,-0.217995921,8.0,13,True,False,False,10:30
631,697,"Charlotte Terrace, Angel",51.53639219,-0.112721065,0.0,24,True,False,False,10:30
632,694,"Putney Rail Station, Putney",51.46071722,-0.216526155,9.0,9,True,False,False,10:30
633,695,"Islington Green, Angel",51.53638435,-0.102757578,0.0,20,True,False,False,10:30
634,692,"Cadogan Close, Victoria Park",51.54211855,-0.028941601,4.0,17,True,False,False,10:30
635,693,"Felsham Road, Putney",51.464786,-0.215618902,5.0,12,True,False,False,10:30
636,690,"Stanley Grove, Battersea",51.47047503,-0.152130083,13.0,11,True,False,False,10:30
637,691,"Erin Close, Walham Green",51.47946386,-0.195777222,10.0,14,True,False,False,10:30
638,688,"Northfields, Wandsworth",51.46095151,-0.20066766,18.0,10,True,False,False,10:30
639,689,"Spanish Road, Wandsworth",51.45922541,-0.18088495899999998,21.0,9,True,False,False,10:30
640,653,"Simpson Street, Battersea",51.47084722,-0.17070367,12.0,13,True,False,False,10:30
641,652,"Evesham Street, Avondale",51.51148696,-0.218190203,28.0,1,True,False,False,10:30
642,655,"Crabtree Lane, Fulham",51.48294452,-0.219346128,5.0,22,True,False,False,10:30
643,654,"Ashmole Estate, Oval",51.48267821,-0.117661574,21.0,12,True,False,False,10:30
644,649,"World's End Place, West Chelsea",51.48180515,-0.18027465,11.0,11,True,False,False,10:30
645,648,"Peterborough Road, Sands End",51.46904022,-0.19627483,22.0,7,True,False,False,10:30
646,651,"Thorndike Close, West Chelsea",51.48089844,-0.18385357300000002,17.0,8,True,False,False,10:30
647,650,"St. Mark's Road, North Kensington",51.51687069,-0.21387239600000002,11.0,12,True,False,False,10:30
648,645,"Great Suffolk Street, The Borough",51.50173215,-0.100292412,6.0,15,True,False,False,10:30
649,644,"Rainville Road, Hammersmith",51.48373225,-0.22385225600000003,10.0,25,True,False,False,10:30
650,647,"Richmond Way, Shepherd's Bush",51.50035306,-0.217515071,8.0,19,True,False,False,10:30
651,646,"Buckingham Gate, Westminster",51.49886563,-0.137424571,13.0,3,True,False,False,10:30
652,641,"Archbishop's Park, Waterloo",51.49824168,-0.117495865,19.0,4,True,False,False,10:30
653,640,"Silverthorne Road, Battersea",51.47286577,-0.148059277,24.0,3,True,False,False,10:30
654,643,"All Saints' Road, Portobello",51.5190427,-0.204764421,9.0,11,True,False,False,10:30
655,642,"Fawcett Close, Battersea",51.46916161,-0.174485792,28.0,8,True,False,False,10:30
656,668,"Ravenscourt Park Station, Hammersmith",51.49422354,-0.23676993600000001,18.0,8,True,False,False,10:30
657,669,"Teversham Lane, Stockwell",51.47614939,-0.12325850000000001,38.0,1,True,False,False,10:30
658,670,"Ashley Crescent, Battersea",51.46718562,-0.152248582,14.0,13,True,False,False,10:30
659,671,"Parsons Green Station, Parsons Green",51.475089000000004,-0.201968,33.0,22,True,False,False,10:30
660,664,"Austin Road, Battersea",51.474376,-0.155442787,6.0,17,True,False,False,10:30
661,665,"Smugglers Way, Wandsworth",51.46108367,-0.191722864,24.0,4,True,False,False,10:30
662,666,"Olympia Way, Olympia",51.49610093,-0.20815825899999998,3.0,35,True,False,False,10:30
663,667,"Shepherd's Bush Road North, Shepherd's Bush",51.5015946,-0.222293381,9.0,25,True,False,False,10:30
664,660,"West Kensington Station, West Kensington",51.49087074,-0.20602974300000002,6.0,16,True,False,False,10:30
665,661,"All Saints Church, Portobello",51.51632095,-0.202608612,3.0,32,True,False,False,10:30
666,662,"Phene Street, Chelsea",51.48498496,-0.16791986899999997,4.0,20,True,False,False,10:30
667,663,"Clarendon Road, Avondale",51.51323001,-0.211593602,21.0,3,True,False,False,10:30
668,656,"Broomhouse Lane, Parsons Green",51.46841875,-0.199135704,18.0,10,True,False,False,10:30
669,657,"Blythe Road West, Shepherd's Bush",51.499680600000005,-0.221791552,0.0,21,True,False,False,10:30
670,658,"Ethelburga Estate, Battersea Park",51.47729232,-0.16478637,14.0,14,True,False,False,10:30
671,659,"Grant Road West, Clapham Junction",51.46437067,-0.17461940399999998,33.0,23,True,False,False,10:30
672,747,"Ormonde Gate, Chelsea",51.48796408,-0.161765173,11.0,12,True,False,False,10:30
673,746,"Lots Road, West Chelsea",51.4795738,-0.17903854,15.0,8,True,False,False,10:30
674,745,"Upcerne Road, West Chelsea",51.47816972,-0.18243547,27.0,2,True,False,False,10:30
675,744,"Ingrave Street, Battersea",51.46745485,-0.172293499,14.0,16,True,False,False,10:30
676,751,"Newton Street, Covent Garden",51.51612862,-0.12090940800000001,19.0,3,True,False,False,10:30
677,750,"Culvert Road, Battersea",51.4710956,-0.157850096,20.0,7,True,False,False,10:30
678,749,"Haggerston Road, Haggerston",51.53932857,-0.074284675,,16,True,False,False,10:30
679,748,"Hertford Road, De Beauvoir Town",51.53727795,-0.079201849,1.0,24,True,False,False,10:30
680,739,"Hortensia Road, West Brompton",51.48176572,-0.185273723,8.0,20,True,False,False,10:30
681,738,"Imperial Road, Sands End",51.47514228,-0.18727898699999998,4.0,33,True,False,False,10:30
682,737,"Fulham Broadway, Walham Green",51.47993289,-0.19411695,16.0,7,True,False,False,10:30
683,736,"Queensdale Road, Shepherd's Bush",51.50659035,-0.216104479,26.0,5,True,False,False,10:30
684,743,"Oxford Road, Putney",51.46079243,-0.212607684,23.0,6,True,False,False,10:30
685,742,"Blenheim Crescent, Ladbroke Grove",51.51510818,-0.208565479,1.0,21,True,False,False,10:30
686,741,"Freston Road, Avondale",51.5129814,-0.219486603,16.0,7,True,False,False,10:30
687,740,"Sirdar Road, Avondale",51.51092871,-0.214594781,11.0,15,True,False,False,10:30
688,762,"Storey's Gate, Westminster",51.50070305,-0.129698963,14.0,7,True,False,False,10:30
689,763,"Mile End Park Leisure Centre, Mile End",51.52059714,-0.032566532999999995,12.0,35,True,False,False,10:30
690,760,"Rossmore Road, Marylebone",51.52526975,-0.163795009,5.0,13,True,False,False,10:30
691,761,"Humbolt Road, Fulham",51.48321729,-0.211860644,6.0,21,True,False,False,10:30
692,766,"Ram Street, Wandsworth",51.45752945,-0.192165613,5.0,0,True,False,False,10:30
693,767,"Wandsworth Museum, Wandsworth",51.45705988,-0.200806304,28.0,1,True,False,False,10:30
694,764,"St. John's Road, Clapham Junction",51.46239255,-0.16829214,28.0,4,True,False,False,10:30
695,765,"Ranelagh Gardens, Fulham",51.46760141,-0.20682737,27.0,12,True,False,False,10:30
696,754,"Grenfell Road, Avondale",51.5129006,-0.214762686,15.0,9,True,False,False,10:30
697,755,"The Vale, Chelsea",51.48512191,-0.17497190199999998,9.0,15,True,False,False,10:30
698,752,"Manfred Road, East Putney",51.45816465,-0.20600248,23.0,6,True,False,False,10:30
699,753,"Hammersmith Town Hall, Hammersmith",51.49263658,-0.234094148,16.0,12,True,False,False,10:30
700,758,"Westbourne Park Road, Portobello",51.51787005,-0.201005397,4.0,19,True,False,False,10:30
701,759,"Broadley Terrace, Marylebone",51.52456169,-0.165668686,11.0,7,True,False,False,10:30
702,756,"Prince of Wales Drive, Battersea Park",51.47515398,-0.159169801,11.0,10,True,False,False,10:30
703,757,"Harcourt Terrace, West Brompton",51.48795853,-0.18740450600000003,8.0,16,True,False,False,10:30
704,713,"Hawley Crescent, Camden Town",51.54100708,-0.14326094,15.0,7,True,False,False,10:30
705,712,"Mile End Stadium, Mile End",51.51854104,-0.034903714,21.0,1,True,False,False,10:30
706,715,"Aylward Street, Stepney",51.51563007,-0.049067242999999997,8.0,14,True,False,False,10:30
707,714,"Stewart's Road, Nine Elms",51.47311696,-0.137235175,12.0,16,True,False,False,10:30
708,717,"Dunston Road , Haggerston",51.53658514,-0.075885686,9.0,33,True,False,False,10:30
709,716,"Stainsby Road , Poplar",51.51542791,-0.02356501,1.0,23,True,False,False,10:30
710,719,"Victoria Park Road, Hackney Central",51.53642464,-0.054162264,8.0,24,True,False,False,10:30
711,718,"Ada Street, Hackney Central",51.53571683,-0.060291813,34.0,11,True,False,False,10:30
712,705,"Upper Richmond Road, East Putney",51.45971528,-0.21214593899999998,7.0,18,True,False,False,10:30
713,704,"Mexfield Road, East Putney",51.45682071,-0.20280209800000001,13.0,5,True,False,False,10:30
714,707,"Barons Court Station, West Kensington",51.49021762,-0.21508709199999998,22.0,10,True,False,False,10:30
715,706,"Snowsfields, London Bridge",51.50215353,-0.083632928,27.0,3,True,False,False,10:30
716,709,"Montserrat Road , Putney",51.46321128,-0.215550761,16.0,7,True,False,False,10:30
717,708,"Disraeli Road, Putney",51.46161068,-0.21614583,23.0,8,True,False,False,10:30
718,711,"Everington Street, Fulham",51.48335692,-0.21630554600000002,7.0,24,True,False,False,10:30
719,710,"Albert Bridge Road, Battersea Park",51.47439218,-0.163347594,9.0,9,True,False,False,10:30
720,728,"Putney Bridge Road, East Putney",51.46199911,-0.206240805,18.0,11,True,False,False,10:30
721,729,"St. Peter's Terrace, Fulham",51.47893931,-0.20848529300000002,0.0,22,True,False,False,10:30
722,730,"Bridge Avenue, Hammersmith",51.49208492,-0.229116862,18.0,0,True,False,False,10:30
723,731,"Michael Road, Walham Green",51.47727637,-0.18921046600000002,16.0,20,True,False,False,10:30
724,732,"Duke Street Hill, London Bridge",51.50630441,-0.087262995,1.0,20,True,False,False,10:30
725,733,"Park Lane, Mayfair",51.50542628,-0.150817316,14.0,2,True,False,False,10:30
726,734,"Plough Terrace, Clapham Junction",51.46230566,-0.175407201,22.0,8,True,False,False,10:30
727,735,"Grant Road East, Clapham Junction",51.46489445,-0.17302926,34.0,1,True,False,False,10:30
728,720,"Star Road, West Kensington",51.48724429,-0.205279052,13.0,11,True,False,False,10:30
729,721,"Wendon Street, Old Ford",51.53603947,-0.026262677,2.0,14,True,False,False,10:30
730,722,"Finnis Street, Bethnal Green",51.52458353,-0.058631453,3.0,16,True,False,False,10:30
731,723,"Stephendale Road, Sands End",51.46822047,-0.190346493,30.0,16,True,False,False,10:30
732,724,"Alma Road, Wandsworth",51.45799126,-0.184806157,13.0,15,True,False,False,10:30
733,725,"Thessaly Road North, Nine Elms",51.47732253,-0.13874872300000002,24.0,3,True,False,False,10:30
734,726,"Alfreda Street, Battersea Park",51.47505096,-0.15090837099999999,13.0,8,True,False,False,10:30
735,727,"Chesilton Road, Fulham",51.47569809,-0.20587627,11.0,11,True,False,False,10:30
736,774,"Hurlingham Park, Parsons Green",51.470131,-0.20464000000000002,16.0,3,True,False,False,10:30
737,775,"Little Brook Green, Brook Green",51.496664,-0.22386799999999998,24.0,7,True,False,False,10:30
738,773,"Tallis Street, Temple",51.511891,-0.107349,20.0,3,True,False,False,10:30
739,770,"Gwendwr Road, West Kensington",51.491026,-0.209121,13.0,17,True,False,False,10:30
740,771,"Rifle Place, Avondale",51.509223999999996,-0.21601599999999999,16.0,5,True,False,False,10:30
741,769,"Sandilands Road, Walham Green",51.473611,-0.191803,12.0,8,True,False,False,10:30
